liquidityRank,symbol,name,cap,averageDollarVolume
"1","NVDA","NVIDIA Corporation Common Stock","5551676000000","28207607076.363995"
"2","MU","Micron Technology Inc. Common Stock","1148129783375","25933222621.3545"
"3","SNDK","Sandisk Corporation Common Stock","254769061740","20104857515.7985"
"4","SPCX","Space Exploration Technologies Corp. Class A Common Stock","2008098959419","13683614102.852999"
"5","TSLA","Tesla Inc. Common Stock","1398455741268","12944588168.56975"
"6","AAPL","Apple Inc. Common Stock","4669699774600","12398259695.2745"
"7","MSFT","Microsoft Corporation Common Stock","3710545081853","11728541865.457998"
"8","INTC","Intel Corporation Common Stock","506309659154","9198037391.44125"
"9","META","Meta Platforms Inc. Class A Common Stock","1571225414393","9087117119.0735"
"10","AMZN","Amazon.com Inc. Common Stock","2788369921498","8660960569.2825"
"11","AMD","Advanced Micro Devices Inc. Common Stock","779621105808","8542864229.867999"
"12","AVGO","Broadcom Inc. Common Stock","1702714164963","8501349221.205999"
"13","GOOGL","Alphabet Inc. Class A Common Stock","4139365800000","7659737154.576502"
"14","PLTR","Palantir Technologies Inc. Class A Common Stock","418749983168","6293054704.206"
"15","MRVL","Marvell Technology Inc. Common Stock","196030995000","5510355523.47"
"16","GOOG","Alphabet Inc. Class C Capital Stock","4100841300000","5210515090.976"
"17","NBIS","Nebius Group N.V. Class A Ordinary Shares","61545302803","5113328713.252001"
"18","MRNA","Moderna Inc. Common Stock","58108783644","4866016298.652501"
"19","LITE","Lumentum Holdings Inc. Common Stock","79048573500","4201626698.944501"
"20","TSM","Taiwan Semiconductor Manufacturing Company Ltd.","2224543818375","3816167863.233499"
"21","DELL","Dell Technologies Inc. Class C Common Stock ","339699322403","3788985060.8195"
"22","CRM","Salesforce Inc. Common Stock","213346290000","3744055552.543"
"23","AMAT","Applied Materials Inc. Common Stock","360856693307","3669450848.269"
"24","ORCL","Oracle Corporation Common Stock","457361185380","3342761953.592"
"25","MSTR","Strategy Inc Common Stock Class A","54867437243","3267275126.6974998"
"26","STX","Seagate Technology Holdings PLC Ordinary Shares (Ireland)","192484656247","3253537611.6955004"
"27","WDC","Western Digital Corporation Common Stock","168538469682","3158827137.9769998"
"28","LLY","Eli Lilly and Company Common Stock","1081958156228","3080390985.084"
"29","WMT","Walmart Inc. Common Stock","850021572261","3003406144.5099998"
"30","SKHY","SK hynix Inc. American Depositary Shares","1290091935000","2981421285.062751"
"31","BE","Bloom Energy Corporation Class A Common Stock","74477129983","2598481747.6550007"
"32","CRWV","CoreWeave Inc. Class A Common Stock","49285310755","2579730284.9405003"
"33","V","Visa Inc.","670158282241","2464033018.5899997"
"34","NOW","ServiceNow Inc. Common Stock","146062840000","2404861005.019"
"35","LRCX","Lam Research Corporation Common Stock","384968905650","2320835800.7790003"
"36","XOM","ExxonMobil Holdings Corporation Common Stock","655726600261","2285281888.9094996"
"37","COHR","Coherent Corp. Common Stock","55197276858","2271740745.0504994"
"38","CSCO","Cisco Systems Inc. Common Stock (DE)","430530486532","2247543019.4124994"
"39","PANW","Palo Alto Networks Inc. Common Stock","271606900000","2216407415.0689993"
"40","CRWD","CrowdStrike Holdings Inc. Class A Common Stock","218200514830","2168632924.7875"
"41","BRK.B","Berkshire Hathaway Inc.","1116459743067","2158677615.863"
"42","NFLX","Netflix Inc. Common Stock","325828279647","2156178906.8030005"
"43","HOOD","Robinhood Markets Inc. Class A Common Stock","109786936356","2128674869.8690002"
"44","ASML","ASML Holding N.V. New York Registry Shares","660945045355","2054929277.2699997"
"45","GEV","GE Vernova Inc. Common Stock","250872916623","2030134297.1379998"
"46","CAT","Caterpillar Inc. Common Stock","374147779153","2024915075.5289998"
"47","SMCI","Super Micro Computer Inc. Common Stock","26009259553","1972323086.7425003"
"48","JPM","JP Morgan Chase & Co. Common Stock","953331896975","1950715239.4905"
"49","GS","Goldman Sachs Group Inc. (The) Common Stock","302413536063","1875485625.9219997"
"50","IREN","IREN Limited Ordinary Shares","17606540393","1870330036.67025"
"51","BAC","Bank of America Corporation Common Stock","438305467518","1787051069.6174998"
"52","APP","Applovin Corporation Class A Common Stock","107275724560","1732083788.6815002"
"53","JNJ","Johnson & Johnson Common Stock","663276390852","1721999647.9029999"
"54","CBRS","Cerebras Systems Inc. Class A Common Stock","49900326812","1718807486.9439998"
"55","COIN","Coinbase Global Inc. Class A Common Stock","48714849463","1704955833.46"
"56","SNOW","Snowflake Inc. Common Stock","116866588000","1696059694.5400002"
"57","KLAC","KLA Corporation Common Stock","242495082925","1674031663.766"
"58","COST","Costco Wholesale Corporation Common Stock","406111279975","1645200504.38925"
"59","MA","Mastercard Incorporated Common Stock","507393717347","1628239625.1380002"
"60","MRK","Merck & Company Inc. Common Stock (new)","370889912341","1609797002.6309998"
"61","CVX","Chevron Corporation Common Stock","412145887756","1593378307.3495002"
"62","UNH","UnitedHealth Group Incorporated Common Stock (DE)","356470817538","1587187781.0775003"
"63","BABA","Alibaba Group Holding Limited American Depositary Shares each representing eight Ordinary share","274322316678","1563858443.4090002"
"64","QCOM","QUALCOMM Incorporated Common Stock","177216471830","1502841997.8714998"
"65","TXN","Texas Instruments Incorporated Common Stock","236019731970","1491366907.2660003"
"66","INTU","Intuit Inc. Common Stock","91005759900","1406998832.618"
"67","GLW","Corning Incorporated Common Stock","132912219473","1366812956.5164998"
"68","AAOI","Applied Optoelectronics Inc. Common Stock","8960160678","1352122179.9690003"
"69","ADI","Analog Devices Inc. Common Stock","175533839696","1330047849.0340002"
"70","CRDO","Credo Technology Group Holding Ltd Ordinary Shares","32058958653","1315168890.432"
"71","PG","Procter & Gamble Company (The) Common Stock","340389977306","1300789806.2685"
"72","RKLB","Rocket Lab Corporation Common Stock","38457022828","1297223764.0350003"
"73","CRCL","Circle Internet Group Inc. Class A Common Stock","25908033656","1268818670.1425"
"74","KO","Coca-Cola Company (The) Common Stock","378925511831","1262022790.5540001"
"75","UBER","Uber Technologies Inc. Common Stock","154744354767","1261967369.9965005"
"76","HD","Home Depot Inc. (The) Common Stock","320308254427","1249468461.3025"
"77","GE","GE Aerospace Common Stock","349783074383","1237146033.7610002"
"78","ADBE","Adobe Inc. Common Stock","105937725000","1161215097.531"
"79","IBM","International Business Machines Corporation Common Stock","221297946867","1152576559.0805"
"80","ANET","Arista Networks Inc. Common Stock","244400112289","1144525213.6385"
"81","C","Citigroup Inc. Common Stock","231016593755","1138642219.0220003"
"82","NET","Cloudflare Inc. Class A Common Stock","99317754108","1138356988.0625"
"83","MCD","McDonald's Corporation Common Stock","180936863061","1132540628.6580002"
"84","RDDT","Reddit Inc. Class A Common Stock","29717564935","1130837318.5535002"
"85","HPE","Hewlett Packard Enterprise Company Common Stock","68858583092","1116688550.9615"
"86","NKE","Nike Inc. Common Stock","56966350195","1108356967.872"
"87","ABBV","AbbVie Inc. Common Stock","453194898911","1102058267.6430001"
"88","PATH","UiPath Inc. Class A Common Stock","7870246841","1101759257.26"
"89","VRT","Vertiv Holdings LLC Class A Common Stock","108000732172","1082881988.3825002"
"90","WFC","Wells Fargo & Company Common Stock","272069220260","1074419238.0535"
"91","NU","Nu Holdings Ltd. Class A Ordinary Shares","74631703724","1063615707.1205002"
"92","DDOG","Datadog Inc. Class A Common Stock","76457844860","1061040408.6189998"
"93","ABNB","Airbnb Inc. Class A Common Stock","108943066983","1060611025.7589996"
"94","BA","Boeing Company (The) Common Stock","167756036745","1059830410.1915003"
"95","SHOP","Shopify Inc. Class A Subordinate Voting Shares","188009221617","1052616749.011"
"96","NEM","Newmont Corporation","134967442992","1042559009.8625"
"97","TJX","TJX Companies Inc. (The) Common Stock","145284573977","1039269735.1385"
"98","FCX","Freeport-McMoRan Inc. Common Stock","104441554448","1038606382.8375"
"99","BKNG","Booking Holdings Inc. Common Stock","145234336845","1008376268.9990002"
"100","TMO","Thermo Fisher Scientific Inc Common Stock","226943489201","1000429989.0265001"
"101","PFE","Pfizer Inc. Common Stock","162155713607","991577416.1794999"
"102","WDAY","Workday Inc. Class A Common Stock","47185390000","983982373.8449999"
"103","ALAB","Astera Labs Inc. Common Stock","53849776282","975661510.3315003"
"104","AMGN","Amgen Inc. Common Stock","236380531546","966986398.6125"
"105","BMNR","BitMine Immersion Technologies Inc. Common Stock","15062563058","953261065.2080002"
"106","BSX","Boston Scientific Corporation Common Stock","69273171343","932086389.9140002"
"107","DASH","DoorDash Inc. Class A Common Stock","91742172201","930439457.2739999"
"108","ARM","Arm Holdings plc American Depositary Shares","268237688477","927097983.832"
"109","MPC","Marathon Petroleum Corporation Common Stock","109212750331","918782871.0855"
"110","ACN","Accenture plc Class A Ordinary Shares (Ireland)","124637506411","913336072.4350001"
"111","PEP","PepsiCo Inc. Common Stock","187850025128","908146842.9550002"
"112","APH","Amphenol Corporation Common Stock","102066370570","908067594.5870001"
"113","TER","Teradyne Inc. Common Stock","55818337973","907969083.4685001"
"114","LIN","Linde plc Ordinary Shares","220150296444","906740834.6837498"
"115","CIEN","Ciena Corporation Common Stock","45438487962","894553339.0675001"
"116","TEAM","Atlassian Corporation Class A Common Stock","47990056548","889373651.5019999"
"117","ISRG","Intuitive Surgical Inc. Common Stock","129547056535","886436702.6815001"
"118","RTX","RTX Corporation Common Stock","270616357734","877600024.2440001"
"119","SPOT","Spotify Technology S.A. Ordinary Shares","111649737621","874602775.6130002"
"120","COP","ConocoPhillips Common Stock","161291569931","869591082.47"
"121","NEE","NextEra Energy Inc. Common Stock","174033161977","865835686.7939999"
"122","DE","Deere & Company Common Stock","186993311984","861237288.2930002"
"123","MELI","MercadoLibre Inc. Common Stock","100296525205","840297332.51225"
"124","MS","Morgan Stanley Common Stock","341943693094","836489274.5129998"
"125","DIS","Walt Disney Company (The) Common Stock","181837397650","835915441.5895"
"126","ABT","Abbott Laboratories Common Stock","187452422456","833798334.5404999"
"127","VZ","Verizon Communications Inc. Common Stock","208320428628","831821824.2474998"
"128","MCK","McKesson Corporation Common Stock","105862883700","829270004.7149999"
"129","VLO","Valero Energy Corporation Common Stock","106740468342","815610908.0339998"
"130","MDB","MongoDB Inc. Class A Common Stock","29704345180","807507137.315"
"131","SCHW","Charles Schwab Corporation (The) Common Stock","188999100183","802837166.4709998"
"132","AAL","American Airlines Group Inc. Common Stock","8691665457","798760296.2705001"
"133","SOFI","SoFi Technologies Inc. Common Stock  ","23532411303","794193990.2639999"
"134","T","AT&T Inc.","175969263492","793927110.107"
"135","SPGI","S&P Global Inc. Common Stock","130746748000","792676789.0740002"
"136","PM","Philip Morris International Inc Common Stock","284493711021","790298728.6515"
"137","IONQ","IonQ Inc. Common Stock","15057211449","783241696.1944999"
"138","GILD","Gilead Sciences Inc. Common Stock","187227028629","783000612.9254999"
"139","TGT","Target Corporation Common Stock","74704555268","777423640.9954998"
"140","CDE","Coeur Mining Inc. Common Stock","21833339358","772568664.1504999"
"141","AZO","AutoZone Inc. Common Stock","48703268318","770838600.5810001"
"142","AXP","American Express Company Common Stock","220259055131","764716668.3525002"
"143","MPWR","Monolithic Power Systems Inc. Common Stock","60144151980","753630803.2754999"
"144","DKS","Dick's Sporting Goods Inc Common Stock","12454278024","743178173.3614999"
"145","CLS","Celestica Inc. Common Stock","35911849971","739925009.7634997"
"146","PCG","Pacific Gas & Electric Co. Common Stock","38325580093","735546980.058"
"147","SYK","Stryker Corporation Common Stock","116272497434","730195388.72"
"148","HWM","Howmet Aerospace Inc. Common Stock","103397238719","729493552.907"
"149","AEM","Agnico Eagle Mines Limited Common Stock","103912963121","725386798.0705"
"150","ETN","Eaton Corporation PLC Ordinary Shares","159574140000","725306063.0205"
"151","UNP","Union Pacific Corporation Common Stock","172056145731","717351162.1945001"
"152","HL","Hecla Mining Company Common Stock","13892171153","716143314.9785001"
"153","MDT","Medtronic plc. Ordinary Shares","120535797680","714179450.082"
"154","PYPL","PayPal Holdings Inc. Common Stock","47016129635","710978003.286"
"155","FTNT","Fortinet Inc. Common Stock","114672106827","704858908.4009999"
"156","SNPS","Synopsys Inc. Common Stock","75474176661","695446852.0035001"
"157","TMUS","T-Mobile US Inc. Common Stock","194711351192","695194246.1385"
"158","NOK","Nokia Corporation Sponsored American Depositary Shares","57594664151","694815043.0370001"
"159","CDNS","Cadence Design Systems Inc. Common Stock","80607531100","694602265.29725"
"160","PWR","Quanta Services Inc. Common Stock","91994187305","686844817.8824999"
"161","ASTS","AST SpaceMobile Inc. Class A Common Stock","24249026551","679555088.5960001"
"162","CEG","Constellation Energy Corporation Common Stock ","105923734026","676597356.0825001"
"163","CVS","CVS Health Corporation Common Stock","123727593497","671353009.7995"
"164","PSX","Phillips 66 Common Stock","101786245462","669444724.7219999"
"165","MCHP","Microchip Technology Incorporated Common Stock","40274954611","667600041.4204998"
"166","ROST","Ross Stores Inc. Common Stock","73694637946","664802567.8029997"
"167","NXPI","NXP Semiconductors N.V. Common Stock","57451824583","664611222.9330001"
"168","DHR","Danaher Corporation Common Stock","145982083974","660957646.3659999"
"169","WELL","Welltower Inc. Common Stock","170218335078","658072448.8325"
"170","COF","Capital One Financial Corporation Common Stock","134721269986","656229153.766"
"171","LOW","Lowe's Companies Inc. Common Stock","114707494185","652770902.6225"
"172","BLK","BlackRock Inc. Common Stock","173808220683","651198598.5985"
"173","TTWO","Take-Two Interactive Software Inc. Common Stock","40142831308","638969141.8325"
"174","HONA","Honeywell Aerospace Inc. Common Stock ","51032558252","638942555.8990002"
"175","SLB","SLB Limited Common Shares","85353077215","637702457.279"
"176","HON","Honeywell International Inc. Common Stock","66433795496","637688135.1885"
"177","FIX","Comfort Systems USA Inc. Common Stock","56674835762","622781197.867"
"178","PH","Parker-Hannifin Corporation Common Stock","121332033185","621136671.0265"
"179","MO","Altria Group Inc.","115011961623","604759125.1025001"
"180","OKTA","Okta Inc. Class A Common Stock","29824450317","603951042.4275"
"181","VRTX","Vertex Pharmaceuticals Incorporated Common Stock","138420079815","599596034.1594999"
"182","CVNA","Carvana Co. Class A Common Stock","82083592604","594242848.6275"
"183","SBUX","Starbucks Corporation Common Stock","119095800000","594203281.0665"
"184","HLT","Hilton Worldwide Holdings Inc. Common Stock ","70035698694","591223142.8055"
"185","EQIX","Equinix Inc. Common Stock REIT","102221893262","580907067.9379998"
"186","VST","Vistra Corp. Common Stock","50110334614","580116069.7349999"
"187","TRV","The Travelers Companies Inc. Common Stock","77037184376","577589702.8495"
"188","PDD","PDD Holdings Inc. American Depositary Shares","117017423141","575018326.078"
"189","TWLO","Twilio Inc. Class A Common Stock","35779954756","573342260.4055"
"190","LMT","Lockheed Martin Corporation Common Stock","121229766736","572209144.1869999"
"191","REGN","Regeneron Pharmaceuticals Inc. Common Stock","85217902667","570977742.4095"
"192","CIFR","Cipher Digital Inc. Common Stock","7362645008","566768665.4390001"
"193","F","Ford Motor Company Common Stock","57262791300","565318499.7915"
"194","ADP","Automatic Data Processing Inc. Common Stock","110288081046","565248845.852"
"195","SE","Sea Limited American Depositary Shares each representing one Class A Ordinary Share","68653390071","561056298.4290001"
"196","B","Barrick Mining Corporation Common Shares","73653327750","557525501.7249999"
"197","CB","Chubb Limited  Common Stock","131785373836","552770658.6405"
"198","SHW","Sherwin-Williams Company (The) Common Stock","81010822570","549620487.0920001"
"199","ON","ON Semiconductor Corporation Common Stock","28957518435","545167179.455"
"200","BMY","Bristol-Myers Squibb Company Common Stock","136494193314","544176625.0185"
"201","CMCSA","Comcast Corporation Class A Common Stock","94003382819","537129856.5834999"
"202","AZN","AstraZeneca PLC Ordinary Shares","252303098886","533823387.9825001"
"203","CMI","Cummins Inc. Common Stock","77195361085","532477172.82750005"
"204","CMG","Chipotle Mexican Grill Inc. Common Stock","46769849280","529029472.314"
"205","VEEV","Veeva Systems Inc. Class A Common Stock","44539505547","523102817.342"
"206","CME","CME Group Inc. Class A Common Stock","101146050889","518788269.95875007"
"207","BX","Blackstone Inc. Common Stock","102197609271","518126116.62749994"
"208","LULU","lululemon athletica inc. Common Stock","10909942854","518056260.6435"
"209","NVO","Novo Nordisk A/S Common Stock","206341562232","517472795.55599993"
"210","SHEL","Shell PLC American Depositary Shares (each representing two (2) Ordinary Shares) ","264437715363","516378940.5905"
"211","SAP","SAP  SE ADS","264263545346","515471058.5620001"
"212","MAR","Marriott International Class A Common Stock","87750463575","514205483.025"
"213","WBD","Warner Bros. Discovery Inc. Series A Common Stock ","70927368621","512399337.47374994"
"214","TPR","Tapestry Inc. Common Stock","24353699551","511904739.61499995"
"215","AXON","Axon Enterprise Inc. Common Stock","41891697793","511168885.024"
"216","DUK","Duke Energy Corporation (Holding Company) Common Stock","93735797642","510044724.43"
"217","KKR","KKR & Co. Inc. Common Stock","96702283296","504692595.28050005"
"218","HCA","HCA Healthcare Inc. Common Stock","87683107500","504612372.69449997"
"219","WULF","TeraWulf Inc. Common Stock","8237972857","503767754.03999996"
"220","ICE","Intercontinental Exchange Inc. Common Stock","90530474974","503247829.0324999"
"221","FDX","FedEx Corporation Common Stock","76330948696","502834792.48099995"
"222","WMB","Williams Companies Inc. (The) Common Stock","90697868049","494229072.928"
"223","FN","Fabrinet Ordinary Shares","14599123594","493958337.14350015"
"224","TEM","Tempus AI Inc. Class A Common Stock","11732158736","493411548.3375"
"225","NTAP","NetApp Inc. Common Stock","36453403138","491547365.6862501"
"226","SO","Southern Company (The) Common Stock","101358480934","489043768.73050004"
"227","PGR","Progressive Corporation (The) Common Stock","127291349042","488231923.33150005"
"228","ADSK","Autodesk Inc. Common Stock","45541100000","486784685.96774995"
"229","DVN","Devon Energy Corporation Common Stock","52866000000","482288937.4639999"
"230","U","Unity Software Inc. Common Stock","18334104949","478238898.117"
"231","CCL","Carnival Corporation Ltd. Common Shares","32200450788","471823858.71150005"
"232","KEYS","Keysight Technologies Inc. Common Stock","55705783011","471638521.9585001"
"233","MMM","3M Company Common Stock","86930170610","469419358.8950001"
"234","RCL","Royal Caribbean Cruises Ltd. Common Stock","70925618156","469341512.9365001"
"235","ZS","Zscaler Inc. Common Stock","27458277345","467493836.7075"
"236","MNST","Monster Beverage Corporation","128768601235","462686677.92249995"
"237","MSI","Motorola Solutions Inc. Common Stock","77459367473","460720810.7555"
"238","CSX","CSX Corporation Common Stock","91530785649","460499554.42524993"
"239","HPQ","HP Inc. Common Stock","29434457228","458052237.33500004"
"240","LNG","Cheniere Energy Inc. Common Stock","60307974136","456429113.6295001"
"241","FSLR","First Solar Inc. Common Stock","21972198157","454792398.962"
"242","BURL","Burlington Stores Inc. Common Stock","16666755689","453883578.3679999"
"243","URI","United Rentals Inc. Common Stock","62856199942","452027512.1004999"
"244","EXPE","Expedia Group Inc. Common Stock","34124355354","451209178.57325"
"245","UPS","United Parcel Service Inc. Common Stock","87026448023","447633515.5655001"
"246","RBLX","Roblox Corporation Class A Common Stock","30939622005","446964378.404"
"247","NTRA","Natera Inc. Common Stock","47305233711","446813278.85675013"
"248","TDG","Transdigm Group Incorporated Common Stock","64234085876","446376558.2755"
"249","EBAY","eBay Inc. Common Stock","46017450000","443413323.307"
"250","PLD","Prologis Inc. Common Stock","130208757840","441251095.06350005"
"251","GM","General Motors Company Common Stock","77005147238","441142869.3655"
"252","WM","Waste Management Inc. Common Stock","87533628144","438781008.4465001"
"253","APLD","Applied Digital Corporation Common Stock","7686040483","432114709.4527499"
"254","LHX","L3Harris Technologies Inc. Common Stock","47754738273","430894160.96550006"
"255","ALL","Allstate Corporation (The) Common Stock","65634338082","429003632.3405"
"256","OKLO","Oklo Inc. Class A common stock","7676948416","426297224.19"
"257","OXY","Occidental Petroleum Corporation Common Stock","60018227755","425442402.9035"
"258","RIOT","Riot Platforms Inc. Common Stock ","8180644783","425194029.48950005"
"259","FIG","Figma Inc. Class A Common Stock","12856197992","424846384.9745"
"260","NSC","Norfolk Southern Corporation Common Stock","73999474569","424359758.2340001"
"261","SMTC","Semtech Corporation Common Stock","13801460201","422065794.1754999"
"262","CTSH","Cognizant Technology Solutions Corporation Class A Common Stock","28067178663","421462560.9015"
"263","CRH","CRH PLC Ordinary Shares","63091934860","420793477.0145"
"264","APO","Apollo Global Management Inc. (New) Common Stock","78937904064","418938138.41449994"
"265","MDLZ","Mondelez International Inc. Class A Common Stock","78212157733","418867666.62649995"
"266","ORLY","O'Reilly Automotive Inc. Common Stock","71099564009","415481251.3520001"
"267","HUT","Hut 8 Corp. Common Stock","11530306934","411647909.863"
"268","TT","Trane Technologies plc","98548380978","411200339.524"
"269","ZTS","Zoetis Inc. Class A Common Stock","31326481268","410253643.76"
"270","TEL","TE Connectivity plc Ordinary Shares","60406935022","409896649.548"
"271","JCI","Johnson Controls International plc Ordinary Share","87796168662","409688392.2675"
"272","ALNY","Alnylam Pharmaceuticals Inc. Common Stock","35607944391","407487163.2534999"
"273","COR","Cencora Inc. Common Stock","63154250257","406482402.463"
"274","MTZ","MasTec Inc. Common Stock","19047530616","405798348.03700006"
"275","EOG","EOG Resources Inc. Common Stock","76156391063","405609009.25200003"
"276","AFRM","Affirm Holdings Inc. Class A Common Stock","24412427872","404910946.60225"
"277","CI","The Cigna Group Common Stock","74653222105","404694412.57250005"
"278","CHTR","Charter Communications Inc. Class A Common Stock New","17414633009","404418411.0590001"
"279","BNY","The Bank of New York Mellon Corporation Common Stock","111844622767","401826593.078"
"280","CAH","Cardinal Health Inc. Common Stock","57488068447","401204561.49349993"
"281","AEP","American Electric Power Company Inc. Common Stock","67777470324","397473767.06600004"
"282","ECL","Ecolab Inc. Common Stock","78290172246","397038976.523"
"283","ATI","ATI Inc. Common Stock","28684291179","395213543.259"
"284","BKR","Baker Hughes Company Class A Common Stock","63034803509","395152209.76125"
"285","EIX","Edison International Common Stock","21845889588","392633508.593"
"286","DLR","Digital Realty Trust Inc. Common Stock","69711115197","392470423.985"
"287","PBR","Petroleo Brasileiro S.A. Petrobras ADS","129660651586","392000818.2915"
"288","VALE","VALE S.A.  American Depositary Shares Each Representing one common share","65195484170","391588078.87099993"
"289","RBRK","Rubrik Inc. Class A Common Stock","19418206239","391290421.90500003"
"290","HUM","Humana Inc. Common Stock","48217046874","389333108.0455"
"291","FERG","Ferguson Enterprises Inc. Common Stock","44186535090","387160572.8305"
"292","ULTA","Ulta Beauty Inc. Common Stock","24120344541","386326972.478"
"293","DAL","Delta Air Lines Inc. Common Stock","52721638315","386084271.064"
"294","HIMS","Hims & Hers Health Inc. Class A Common Stock","6465114674","385528420.853"
"295","P","Everpure Inc. Class A common stock","33077614783","384822666.02900004"
"296","IBKR","Interactive Brokers Group Inc. Class A Common Stock","41964100198","383892996.25850004"
"297","BP","BP p.l.c. Common Stock","114691530868","383600411.8784999"
"298","STM","STMicroelectronics N.V. Common Stock","46626561614","378881400.1315"
"299","RVMD","Revolution Medicines Inc. Common Stock","45014934508","378524978.084"
"300","CRS","Carpenter Technology Corporation Common Stock","23556673177","378051388.61499995"
"301","KHC","The Kraft Heinz Company Common Stock","29467720386","376846517.37600005"
"302","EL","Estee Lauder Companies Inc. (The) Common Stock","37576399169","376589376.67850006"
"303","DXCM","DexCom Inc. Common Stock","33170011244","375416240.06049997"
"304","NVT","nVent Electric plc Ordinary Shares ","25254694222","374419210.92099994"
"305","SUNB","Sunbelt Rentals Holdings Inc. Common Stock","28105478457","373343088.5954999"
"306","CTVA","Corteva Inc. Common Stock ","58619840560","372853212.39350003"
"307","TTD","The Trade Desk Inc. Class A Common Stock","6780371199","372397280.99100006"
"308","SWKS","Skyworks Solutions Inc. Common Stock","11137995324","369842623.1495"
"309","KVUE","Kenvue Inc. Common Stock","35995294772","369435926.83849996"
"310","WPM","Wheaton Precious Metals Corp Common Shares (Canada)","70385711841","369003842.538"
"311","AKAM","Akamai Technologies Inc. Common Stock","15121861599","368611057.6244999"
"312","MRSH","Marsh Common Stock","88637220918","367626972.66349995"
"313","SRE","DBA Sempra Common Stock","54953785246","366850067.58750004"
"314","USB","U.S. Bancorp Common Stock","98733720133","366842929.61649996"
"315","HAL","Halliburton Company Common Stock","30884142705","366793548.30849993"
"316","VMRK","Vivmark Residential Common Shares of Beneficial Interest","51463125000","366537444.22150004"
"317","XEL","Xcel Energy Inc. Common Stock","47297309650","366390043.34999996"
"318","NOC","Northrop Grumman Corporation Common Stock","73159617129","366069196.7470001"
"319","TSCO","Tractor Supply Company Common Stock","18231194394","363999571.51649994"
"320","HUBS","HubSpot Inc. Common Stock","12346871368","361127059.26899993"
"321","TRGP","Targa Resources Inc. Common Stock","62195717641","360866534.647"
"322","CL","Colgate-Palmolive Company Common Stock","70765032030","360653918.0595001"
"323","VIK","Viking Holdings Ltd Ordinary Shares","38252900007","358699890.15749997"
"324","EMR","Emerson Electric Company Common Stock","85242996000","357839519.86149997"
"325","NUE","Nucor Corporation Common Stock","59230432733","356555471.0589999"
"326","HBAN","Huntington Bancshares Incorporated Common Stock","34407664487","355640410.35475004"
"327","FANG","Diamondback Energy Inc. Common Stock","55786451605","355333292.49249995"
"328","XYZ","Block Inc. Class A Common Stock","49721794200","355249995.304"
"329","AJG","Arthur J. Gallagher & Co. Common Stock","67327447000","355175058.68100005"
"330","UAL","United Airlines Holdings Inc. Common Stock","36152140525","354299484.4545001"
"331","MP","MP Materials Corp. Common Stock","9711879594","352840425.9115"
"332","RKT","Rocket Companies Inc. Class A Common Stock","39812892439","351612963.8135"
"333","FOXA","Fox Corporation Class A Common Stock","27453512748","350599729.0135"
"334","ILMN","Illumina Inc. Common Stock","32951220000","350427808.4442501"
"335","A","Agilent Technologies Inc. Common Stock","42531786914","350265434.17349994"
"336","DT","Dynatrace Inc. Common Stock","14999210443","349376057.16699994"
"337","RMD","ResMed Inc. Common Stock","32940014075","344401834.2700001"
"338","MCO","Moody's Corporation Common Stock","85482860000","344004701.9549999"
"339","BBY","Best Buy Co. Inc. Common Stock","19025948464","343747672.0215"
"340","CTAS","Cintas Corporation Common Stock","80221991894","342816884.79600006"
"341","PNC","PNC Financial Services Group Inc. (The) Common Stock","97980564615","342253644.42750007"
"342","TYL","Tyler Technologies Inc. Common Stock","14907856304","342214575.70649993"
"343","MTSI","MACOM Technology Solutions Holdings Inc. Common Stock","20539961892","341619253.47099996"
"344","YUM","Yum! Brands Inc.","41128922520","341418278.12099993"
"345","ELV","Elevance Health Inc. Common Stock","88374235675","341396363.59599996"
"346","MKSI","MKS Inc. Common Stock","17601526523","340779565.97800004"
"347","ZM","Zoom Communications Inc. Class A Common Stock","29566443436","339513720.94250005"
"348","EQT","EQT Corporation Common Stock","34509717720","337432837.66699994"
"349","GD","General Dynamics Corporation Common Stock","97235550311","335640832.90299994"
"350","AON","Aon plc Class A Ordinary Shares (Ireland)","68535606471","335003030.69299996"
"351","KR","Kroger Company (The) Common Stock","35895004252","334397984.104"
"352","RIVN","Rivian Automotive Inc. Class A Common Stock","22789326316","333988112.60950005"
"353","AMT","American Tower Corporation (REIT) Common Stock","81939074441","333129444.199"
"354","GH","Guardant Health Inc. Common Stock","21660603800","331959850.3565"
"355","CELH","Celsius Holdings Inc. Common Stock","7758054541","330277483.39049995"
"356","KMI","Kinder Morgan Inc. Common Stock","69921585595","329270592.50699997"
"357","FISV","Fiserv Inc. Common Stock","28183636213","329174798.99"
"358","CF","CF Industries Holdings Inc. Common Stock","20180939636","328325137.8075"
"359","GIS","General Mills Inc. Common Stock","20470962483","328113292.90849996"
"360","O","Realty Income Corporation Common Stock","57955854521","327647442.71699995"
"361","TSEM","Tower Semiconductor Ltd. Ordinary Shares","25130747385","327330821.516"
"362","FLEX","Flex Ltd. Ordinary Shares","40453320121","326854865.374"
"363","FAST","Fastenal Company Common Stock","56915879621","326765032.66200006"
"364","AME","AMETEK Inc.","54499982924","326193070.209"
"365","ROKU","Roku Inc. Class A Common Stock","23092507387","323357085.97599995"
"366","PCAR","PACCAR Inc. Common Stock","65637709639","322396933.491"
"367","KDP","Keurig Dr Pepper Inc. Common Stock","44349320578","322339032.54649997"
"368","CPRT","Copart Inc. (DE) Common Stock","31218363173","320778859.45325005"
"369","RSG","Republic Services Inc. Common Stock","68196692330","320508205.65250003"
"370","AU","AngloGold Ashanti PLC Ordinary Shares","55164252752","319784921.1135"
"371","DG","Dollar General Corporation Common Stock","29388362596","319769309.1875"
"372","ODFL","Old Dominion Freight Line Inc. Common Stock","38541375331","319272961.42100006"
"373","IQV","IQVIA Holdings Inc. Common Stock","44074942000","314996162.0155"
"374","OKE","ONEOK Inc. Common Stock","60156177322","314828828.20500004"
"375","JBL","Jabil Inc. Common Stock","32543726231","314066915.258"
"376","KMB","Kimberly-Clark Corporation Common Stock","34907495828","313673319.789"
"377","MLM","Martin Marietta Materials Inc. Common Stock","30920091942","311857727.05149996"
"378","MSCI","MSCI Inc. Common Stock","41657827000","311092836.9705"
"379","ANF","Abercrombie & Fitch Company Common Stock","6650094036","310697822.449"
"380","CARR","Carrier Global Corporation Common Stock ","49220449153","310158543.17100006"
"381","BIDU","Baidu Inc. ADS","33844931991","309921922.6969999"
"382","TTMI","TTM Technologies Inc. Common Stock","13231817318","307845116.9395"
"383","TOST","Toast Inc. Class A Common Stock","19623100000","307748775.13799995"
"384","ONTO","Onto Innovation Inc. Common Stock","13152388938","306930233.49250007"
"385","BDX","Becton Dickinson and Company Common Stock","50320737432","306680713.606"
"386","ONON","On Holding AG Class A Ordinary Shares","16890035649","305712000.4034999"
"387","LYV","Live Nation Entertainment Inc. Common Stock","40882474710","304078156.6875001"
"388","ROK","Rockwell Automation Inc. Common Stock","48271753551","303684972.13900006"
"389","DLTR","Dollar Tree Inc. Common Stock","24658373895","301700985.78599995"
"390","CNQ","Canadian Natural Resources Limited Common Stock","104393666400","299242463.1420001"
"391","ENTG","Entegris Inc. Common Stock","21199472000","298280545.705"
"392","CLX","Clorox Company (The) Common Stock","11253839325","294785771.181"
"393","CBOE","Cboe Global Markets Inc. Common Stock","33364478625","292440526.7015"
"394","TFC","Truist Financial Corporation Common Stock","63096992610","291873877.8325"
"395","AWK","American Water Works Company Inc. Common Stock","27961168752","290638525.392"
"396","ADM","Archer-Daniels-Midland Company Common Stock","40778600318","289959910.3855"
"397","ARGX","argenx SE American Depositary Shares","64120272737","289713837.436"
"398","ESTC","Elastic N.V. Ordinary Shares","9639249417","286400405.77199996"
"399","SN","SharkNinja Inc. Ordinary Shares","24424309686","286066602.30700004"
"400","FIVE","Five Below Inc. Common Stock","13945487522","285469314.842"
"401","IDXX","IDEXX Laboratories Inc. Common Stock","42177833884","285182891.2884999"
"402","FICO","Fair Isaac Corporation Common Stock","20134611205","285175308.03050005"
"403","RGTI","Rigetti Computing Inc. Common Stock","5073284954","284971593.00625"
"404","ARES","Ares Management Corporation Class A Common Stock","46288353644","284967261.539"
"405","PPL","PPL Corporation Common Stock","26421849368","284229415.34150004"
"406","DPZ","Domino's Pizza Inc Common Stock","11283518174","283698159.29350007"
"407","STLD","Steel Dynamics Inc.","34693996981","283169079.13775"
"408","PAAS","Pan American Silver Corp. Common Stock","21286488120","283056563.643"
"409","NRG","NRG Energy Inc. Common Stock","25019251687","282549176.14400005"
"410","GWW","W.W. Grainger Inc. Common Stock","62384726670","282508904.50549996"
"411","EXC","Exelon Corporation Common Stock","45047563120","281718516.142"
"412","GTLB","GitLab Inc. Class A Common Stock","8301678000","280983248.71299994"
"413","WAT","Waters Corporation Common Stock","40220811681","280620445.53299993"
"414","RY","Royal Bank Of Canada Common Stock","291547071371","279836881.15700006"
"415","SU","Suncor Energy  Inc. Common Stock","78751161776","279558652.7285"
"416","CNH","CNH Industrial N.V. Common Shares","17823253795","279151310.3125"
"417","APD","Air Products and Chemicals Inc. Common Stock","67088469623","278417279.4245"
"418","MET","MetLife Inc. Common Stock","62035257614","277002932.665"
"419","ENB","Enbridge Inc Common Stock","109376418761","276220254.2530001"
"420","ITW","Illinois Tool Works Inc. Common Stock","76930176000","275853110.34749997"
"421","DKNG","DraftKings Inc. Class A Common Stock","11919861692","275586866.257"
"422","STRL","Sterling Infrastructure Inc. Common Stock","14881008122","275496915.3895"
"423","CCJ","Cameco Corporation Common Stock","43875592204","274368137.30750006"
"424","ROP","Roper Technologies Inc. Common Stock","40280347963","274159276.25100005"
"425","NVS","Novartis AG Common Stock","305285187123","273516486.94500005"
"426","TLN","Talen Energy Corporation Common Stock","15188820103","273496423.61775005"
"427","DHI","D.R. Horton Inc. Common Stock","39927355864","273387277.1825"
"428","SAN","Banco Santander S.A. Sponsored ADR (Spain)","219311540165","273344021.4829999"
"429","FLUT","Flutter Entertainment plc Ordinary Shares","17537381323","272384621.65000004"
"430","IR","Ingersoll Rand Inc. Common Stock","29627636398","272199036.74050003"
"431","ROIV","Roivant Sciences Ltd. Common Shares","25230742914","271786628.54150003"
"432","QBTS","D-Wave Quantum Inc. Common Stock","6122394417","271074433.71700007"
"433","EME","EMCOR Group Inc. Common Stock","33265922938","270423806.953"
"434","UTHR","United Therapeutics Corporation Common Stock","20913930326","270411803.8805"
"435","FITB","Fifth Third Bancorp Common Stock","49761194987","270105328.58149993"
"436","ALB","Albemarle Corporation Common Stock","14901678598","269189351.50600004"
"437","JAZZ","Jazz Pharmaceuticals plc Common Stock (Ireland)","16021566749","268441189.9405"
"438","KGC","Kinross Gold Corporation Common Stock","36861867000","267639333.79899997"
"439","PAYX","Paychex Inc. Common Stock","43290160891","267419011.69600004"
"440","VTR","Ventas Inc. Common Stock","46303667827","266709093.978"
"441","SIMO","Silicon Motion Technology Corporation American Depositary Shares","8687526405","266611110.63600007"
"442","WAB","Westinghouse Air Brake Technologies Corporation Common Stock","47778123314","265759112.44850007"
"443","CW","Curtiss-Wright Corporation Common Stock","20932596137","264547038.96649995"
"444","CHYM","Chime Financial Inc. Class A Common Stock","12781033347","263781033.93699998"
"445","WSM","Williams-Sonoma Inc. Common Stock (DE)","26785339524","262158816.6455"
"446","INSM","Insmed Incorporated Common Stock","27579400014","260899904.02449995"
"447","WEC","WEC Energy Group Inc. Common Stock","34520483635","257633609.35099998"
"448","AFL","AFLAC Incorporated Common Stock","58762447959","257079786.86499995"
"449","JD","JD.com Inc. American Depositary Shares","37981440000","256937856.29549998"
"450","CRL","Charles River Laboratories International Inc. Common Stock","13772664572","255880304.82000002"
"451","CASY","Casey's General Stores Inc. Common Stock","27979045426","255137473.42999998"
"452","EW","Edwards Lifesciences Corporation Common Stock","51818360000","254837463.0629999"
"453","FTAI","FTAI Aviation Ltd. Common Stock","20159347821","254636308.44900003"
"454","SUI","Sun Communities Inc. Common Stock","14547906304","254546325.57499996"
"455","SPG","Simon Property Group Inc. Common Stock","67764629302","254479144.71649998"
"456","AS","Amer Sports Inc. Ordinary Shares","16467917938","254218792.82949996"
"457","DOCN","DigitalOcean Holdings Inc. Common Stock","13224171989","253234484.8915"
"458","NDAQ","Nasdaq Inc. Common Stock","54153727799","252544009.93150002"
"459","ECHO","EchoStar  Corporation Common Stock","26086065578","251218506.58100003"
"460","BHP","BHP Group Limited American Depositary Shares (Each representing two Ordinary Shares)","229729719028","250714306.8495"
"461","D","Dominion Energy Inc. Common Stock","57907988482","249885569.31000003"
"462","SYF","Synchrony Financial Common Stock","29734839236","249082383.59350005"
"463","DOW","Dow Inc. Common Stock ","21265710532","248616990.5175"
"464","SGI","Somnigroup International Inc. Common Stock","16086812205","248316482.87150002"
"465","AIG","American International Group Inc. New Common Stock","39849688409","247310120.28650004"
"466","GPN","Global Payments Inc. Common Stock","24487785811","247113533.4705"
"467","BTI","British American Tobacco  Industries p.l.c. Common Stock ADR","119991623928","246696835.45400006"
"468","AA","Alcoa Corporation Common Stock ","13187554967","245784637.54549998"
"469","ETSY","Etsy Inc. Common Stock","7022221539","245552190.383"
"470","PSA","Public Storage Common Stock","53039338679","244263008.06399998"
"471","GRMN","Garmin Ltd. Common Stock (Switzerland)","53425938048","244227888.7685"
"472","CNC","Centene Corporation Common Stock","33117424800","243823611.26599997"
"473","MDLN","Medline Inc. Class A Common Stock","48105147132","243436849.775"
"474","HALO","Halozyme Therapeutics Inc. Common Stock","12506344620","243420784.60349998"
"475","CPNG","Coupang Inc. Class A Common Stock","27483953924","242957366.92750007"
"476","MOD","Modine Manufacturing Company Common Stock","10338919739","242057745.8585"
"477","SITM","SiTime Corporation Common Stock","18406180425","241382966.46349996"
"478","STT","State Street Corporation Common Stock","53363564869","241195481.01799998"
"479","PNR","Pentair plc. Ordinary Share","9611800970","241046672.75899997"
"480","MTD","Mettler-Toledo International Inc. Common Stock","26954381360","240635982.552"
"481","NCLH","Norwegian Cruise Line Holdings Ltd. Ordinary Shares","7149554762","239839489.955"
"482","VMC","Vulcan Materials Company (Holding Company) Common Stock","34031264224","239783605.467"
"483","RIG","Transocean Ltd (Switzerland) Common Stock","6533748497","239093684.10349998"
"484","EXE","Expand Energy Corporation Common Stock","22666535981","238369896.86725003"
"485","W","Wayfair Inc. Class A Common Stock","13618735200","237647944.56149998"
"486","IT","Gartner Inc. Common Stock","11772232106","237622453.61149997"
"487","FDS","FactSet Research Systems Inc. Common Stock","10739371364","237574602.42299995"
"488","TRMB","Trimble Inc. Common Stock","13867205561","237219214.54399997"
"489","CMS","CMS Energy Corporation Common Stock","21467490731","237139089.96749997"
"490","CDW","CDW Corporation Common Stock","19050155374","236609046.5735"
"491","PODD","Insulet Corporation Common Stock","10228357269","236191476.3775"
"492","NI","NiSource Inc Common Stock","19848992539","235580280.32600003"
"493","ED","Consolidated Edison Inc. Common Stock","39678914035","234619554.353"
"494","ASX","ASE Technology Holding Co. Ltd. American Depositary Shares (each representing Two Common Shares) ","83530973650","234471036.7185"
"495","UL","Unilever PLC American Depositary Shares (each representing One Ordinary Share)","140290176857","234103608.15550002"
"496","TD","Toronto Dominion Bank (The) Common Stock","199278227110","233816482.9455"
"497","LYB","LyondellBasell Industries NV Ordinary Shares Class A (Netherlands)","20519370711","233533985.6295"
"498","OTIS","Otis Worldwide Corporation Common Stock ","27107463630","233496484.62649995"
"499","EAT","Brinker International Inc. Common Stock","9615140602","233304066.251"
"500","STZ","Constellation Brands Inc. Common Stock","21890379670","233287785.0975"